{"linear_weight": [[0.8552939891815186]], "linear_bias": [-0.024486899375915527]}