{"linear_weight": [[-0.9248014688491821]], "linear_bias": [-0.8164125680923462]}