{"linear_weight": [[-0.16616404056549072]], "linear_bias": [0.35565173625946045]}