{"linear_weight": [[-0.10207343101501465]], "linear_bias": [-0.8337596654891968]}