{"linear_weight": [[-0.8161988258361816]], "linear_bias": [-0.7336791753768921]}