{"linear_weight": [[-0.18030762672424316]], "linear_bias": [-0.3697015047073364]}