{"linear_weight": [[0.35002827644348145]], "linear_bias": [-0.20906078815460205]}