{"linear_weight": [[-0.8468399047851562]], "linear_bias": [0.19277191162109375]}