{"coefficients": [-17.14824353032249, 0.21249191421880478, -0.9015505566441047, 7.863839228761194, -7.023827005140878e-06, 5.163470891405989, 0.2808244177270921, 9.442649857423174, 1.0061882134062035, 5.912963049046319, -0.4339734929120383], "intercept": 7.8449857814361605}