{"coefficients": [-20.73795429547985, 5.648352075664181, 74.9717144869931, 0.07321253348606127, -0.14391395828834538, 4.661779917683459, 7.567477883561541, 2.289373526507437, -0.9524201939845178], "intercept": 19.406475300335202}