{"linear_weight": [[0.8346543312072754]], "linear_bias": [-0.8962186574935913]}