{"linear_weight": [[-0.06910467147827148]], "linear_bias": [0.9109723567962646]}