{"linear_weight": [[-0.3224318027496338]], "linear_bias": [0.8836944103240967]}