{"linear_weight": [[0.7167161703109741]], "linear_bias": [-0.6569364070892334]}