{"linear_weight": [[-0.8679274320602417]], "linear_bias": [-0.5938054323196411]}