{
    "linear_weight": [
        [
            -0.36525237560272217
        ]
    ],
    "linear_bias": [
        0.158860445022583
    ]
}